country,asn,prefix,file,batch,as_name
CA,852,2001:56a::/33,/home/ipv6/periphery/result/ARIN/CA/Telu_1/uniq_ips.txt,1000,TELUS Communications Inc.
CA,6327,2607:ffb0::/32,/home/ipv6/periphery/result/ARIN/CA/Shw/uniq_ips.txt,1000,Shaw Communications Inc.
CA,7992,2001:1970::/32,/home/ipv6/periphery/result/ARIN/CA/Cog/uniq_ips.txt,1000,Cogeco Connexion Inc.
CA,852,2001:569::/33,/home/ipv6/periphery/result/ARIN/CA/Telu_0/uniq_ips.txt,1000,TELUS Communications Inc.
CA,812,2605:8d80::/32,/home/ipv6/periphery/result/ARIN/CA/Rog/uniq_ips.txt,1000,Rogers Communications Canada Inc.
CA,577,2001:4958::/32,/home/ipv6/periphery/result/ARIN/CA/BC/uniq_ips.txt,1000,Bell Canada
US,33059,2606:840::/32,/home/ipv6/periphery/result/ARIN/US/Vez_0/uniq_ips.txt,1000,Level 3 Parent
US,3356,2001:1900::/32,/home/ipv6/periphery/result/ARIN/US/Lev_0/uniq_ips.txt,1000,"Level 3 Parent, LLC"
US,33059,2606:840::/32,/home/ipv6/periphery/result/ARIN/US/Lev_1/uniq_ips.txt,1000,"Momentum Telecom, Inc."
US,174,2001:550::/32,/home/ipv6/periphery/result/ARIN/US/Cog/uniq_ips.txt,1000,Cogent Communications
US,6939,2001:470::/32,/home/ipv6/periphery/result/ARIN/US/HE/uniq_ips.txt,1000,Hurricane Electric LLC
US,6453,2001:5a0::/32,/home/ipv6/periphery/result/ARIN/US/TATA/uniq_ips.txt,1000,TATA COMMUNICATIONS (AMERICA) INC
US,7922,2001:558::/29,/home/ipv6/periphery/result/ARIN/US/Com/uniq_ips.txt,1000,"Comcast Cable Communications, LLC"
US,701,2600:4000::/24,/home/ipv6/periphery/result/ARIN/US/Vez_1/uniq_ips.txt,1000,Verizon Business/UUne
PR,21559,2604:1cc0::/32,/home/ipv6/periphery/result/ARIN/PR/OSNET/uniq_ips.txt,1000,OSNET Wireless
PR,14979,2606:d6c0::/32,/home/ipv6/periphery/result/ARIN/PR/AW/uniq_ips.txt,1000,Aeronet Wireless
PR,399291,2607:efc0::/32,/home/ipv6/periphery/result/ARIN/PR/FNI/uniq_ips.txt,1000,Puerto Rico Fiber Network Inc
PR,5786,2607:2000::/32,/home/ipv6/periphery/result/ARIN/PR/CPR/uniq_ips.txt,1000,University of Puerto Rico
DE,3209,2a02:908::/33,/home/ipv6/periphery/result/RIPE/DE/Voda_0/uniq_ips.txt,1000,Vodafone GmbH
DE,8881,2001:16b8::/32,/home/ipv6/periphery/result/RIPE/DE/Voda_3/uniq_ips.txt,1000,1&1 Versatel Deutschland GmbH
DE,60294,2a00:6020::/32,/home/ipv6/periphery/result/RIPE/DE/De/uniq_ips.txt,1000,Deutsche Glasfaser Wholesale GmbH
DE,8881,2001:1438::/32,/home/ipv6/periphery/result/RIPE/DE/Voda_2/uniq_ips.txt,1000,1&1 Versatel Deutschland GmbH
DE,8881,2001:9e8::/32,/home/ipv6/periphery/result/RIPE/DE/Voda_1/uniq_ips.txt,1000,1&1 Versatel Deutschland GmbH
FI,20712,2001:8b0::/32,/home/ipv6/periphery/result/RIPE/FI/TF_0/uniq_ips.txt,1000,Andrews & Arnold Ltd
FI,1759,2001:2000::/25,/home/ipv6/periphery/result/RIPE/FI/TF_2/uniq_ips.txt,1000,Telia Finland Oyj
FI,1759,2001:2062::/32,/home/ipv6/periphery/result/RIPE/FI/TF_3/uniq_ips.txt,1000,Telia Finland Oyj
FI,1759,2000::/4,/home/ipv6/periphery/result/RIPE/FI/TF_1/uniq_ips.txt,1000,Telia Finland Oyj
UA,15895,2a02:2378::/32,/home/ipv6/periphery/result/RIPE/UA/Kyiv/uniq_ips.txt,1000,Kyivstar PJSC
LV,2588,2a02:610::/32,/home/ipv6/periphery/result/RIPE/LV/Bite/uniq_ips.txt,1000,SIA BITE Latvija
IS,44735,2a01:6f00::/29,/home/ipv6/periphery/result/RIPE/IS/Nova_0/uniq_ips.txt,1000,Nova hf
IS,44735,2a01:6f00::/29,/home/ipv6/periphery/result/RIPE/IS/Nova_1/uniq_ips.txt,1000,Nova hf
IS,6677,2001:1a98::/29,/home/ipv6/periphery/result/RIPE/IS/Mila/uniq_ips.txt,1000,Mila hf
IT,1267,2a02:b000::/23,/home/ipv6/periphery/result/RIPE/IT/Wind_1/uniq_ips.txt,1000,WIND TRE S.P.A.
IT,1267,2a02:b000::/23,/home/ipv6/periphery/result/RIPE/IT/Wind_0/uniq_ips.txt,1000,WIND TRE S.P.A.
IT,49605,2a02:e50::/32,/home/ipv6/periphery/result/RIPE/IT/Digi/uniq_ips.txt,1000,Digital Telecommunication Services S.r.l.
IT,41327,2a09:3e40::/29,/home/ipv6/periphery/result/RIPE/IT/Fibe/uniq_ips.txt,1000,Fiber Telecom S.p.A.
HU,5493,2001:4c48::/29,/home/ipv6/periphery/result/RIPE/HU/Mag/uniq_ips.txt,1000,Magyar Telekom plc.
PL,5617,2a01:1000::/21,/home/ipv6/periphery/result/RIPE/PL/Oran_0/uniq_ips.txt,1000,Orange Polska Spolka Akcyjna
PL,12741,2001:41b0::/32,/home/ipv6/periphery/result/RIPE/PL/Neti/uniq_ips.txt,1000,Netia SA
PL,5617,2a01:1000::/21,/home/ipv6/periphery/result/RIPE/PL/Oran_1/uniq_ips.txt,1000,Orange Polska Spolka Akcyjna
SE,1257,2a01:b880::/32,/home/ipv6/periphery/result/RIPE/SE/Tel2_2/uniq_ips.txt,1000,Tele2 Sverige AB
SE,1257,2a04:ae00::/26,/home/ipv6/periphery/result/RIPE/SE/Tel2_3/uniq_ips.txt,1000,Tele2 Sverige AB
SE,35706,2001:4db8::/32,/home/ipv6/periphery/result/RIPE/SE/NetA/uniq_ips.txt,1000,Net at Once Sweden AB
SE,8473,2001:9b0::/29,/home/ipv6/periphery/result/RIPE/SE/Bahn/uniq_ips.txt,1000,Bahnhof AB
SE,1257,2a00:800::/25,/home/ipv6/periphery/result/RIPE/SE/Tel2_1/uniq_ips.txt,1000,Tele2 Sverige AB
SE,1257,2001:6f0::/29,/home/ipv6/periphery/result/RIPE/SE/Tel2_0/uniq_ips.txt,1000,Tele2 Sverige AB
SI,5603,2a00:ee0::/29,/home/ipv6/periphery/result/RIPE/SI/Tele/uniq_ips.txt,1000,Telekom Slovenije, d.d.
IE,5466,2001:bb0::/29,/home/ipv6/periphery/result/RIPE/IE/Eir/uniq_ips.txt,1000,Eircom Limited
RS,8400,2a06:63c0::/29,/home/ipv6/periphery/result/RIPE/RS/Tele_0/uniq_ips.txt,1000,TELEKOM SRBIJA a.d.
RS,8400,2a06:63c0::/29,/home/ipv6/periphery/result/RIPE/RS/Tele_1/uniq_ips.txt,1000,TELEKOM SRBIJA a.d.
RU,36781,2a02:2698::/29,/home/ipv6/periphery/result/RIPE/RU/ERT/uniq_ips.txt,1000,ERT
RU,8359,2a00:1fa0::/29,/home/ipv6/periphery/result/RIPE/RU/MTS/uniq_ips.txt,1000,MTS PJSC
RU,31133,2a03:d000::/29,/home/ipv6/periphery/result/RIPE/RU/Mega/uniq_ips.txt,1000,MegaFon
TR,34984,2a02:e0::/32,/home/ipv6/periphery/result/RIPE/TR/TNet/uniq_ips.txt,1000,Superonline Iletisim Hizmetleri A.S.
TR,9121,2a00:1d32::/32,/home/ipv6/periphery/result/RIPE/TR/Turk_0/uniq_ips.txt,1000,Turk Telekomunikasyon Anonim Sirketi
TR,9121,2a00:1d32::/32,/home/ipv6/periphery/result/RIPE/TR/Turk_2/uniq_ips.txt,1000,Turk Telekomunikasyon Anonim Sirketi
TR,9121,2a00:1d32::/32,/home/ipv6/periphery/result/RIPE/TR/Turk_1/uniq_ips.txt,1000,Turk Telekomunikasyon Anonim Sirketi
LU,8632,2a02:678::/32,/home/ipv6/periphery/result/RIPE/LU/Luxo/uniq_ips.txt,1000,Luxembourg Online S.A.
LU,6661,2001:7e8::/32,/home/ipv6/periphery/result/RIPE/LU/Post/uniq_ips.txt,1000,POST Luxembourg
GR,1241,2a02:2149:8000::/33,/home/ipv6/periphery/result/RIPE/GR/Nova_0/uniq_ips.txt,1000,Nova Telecommunications & Media Single Member S.A
GR,6799,2a02:580::/29,/home/ipv6/periphery/result/RIPE/GR/OTE_3/uniq_ips.txt,1000,Ote SA (Hellenic Telecommunications Organisation)
GR,1241,2a02:2148::/29,/home/ipv6/periphery/result/RIPE/GR/Nova_1/uniq_ips.txt,1000,Nova Telecommunications & Media Single Member S.A
GR,6799,2a02:580::/29,/home/ipv6/periphery/result/RIPE/GR/OTE_4/uniq_ips.txt,1000,Ote SA (Hellenic Telecommunications Organisation)
GR,6799,2a02:580::/29,/home/ipv6/periphery/result/RIPE/GR/OTE_2/uniq_ips.txt,1000,Ote SA (Hellenic Telecommunications Organisation)
GR,6799,2a02:580::/29,/home/ipv6/periphery/result/RIPE/GR/OTE_0/uniq_ips.txt,1000,Ote SA (Hellenic Telecommunications Organisation)
GR,6799,2a02:580::/29,/home/ipv6/periphery/result/RIPE/GR/OTE_1/uniq_ips.txt,1000,Ote SA (Hellenic Telecommunications Organisation)
GR,1241,2a02:2148::/29,/home/ipv6/periphery/result/RIPE/GR/Nova_2/uniq_ips.txt,1000,Nova Telecommunications & Media Single Member S.A
BE,5432,2a02:a000::/26,/home/ipv6/periphery/result/RIPE/BE/Prox/uniq_ips.txt,1000,Proximus NV
BE,12392,2a02:2788::/32,/home/ipv6/periphery/result/RIPE/BE/VOO/uniq_ips.txt,1000,VOO S.A.
BE,6848,2a02:1800::/24,/home/ipv6/periphery/result/RIPE/BE/Tele_0/uniq_ips.txt,1000,Telenet BV
BE,6848,2a02:1800::/24,/home/ipv6/periphery/result/RIPE/BE/Tele_1/uniq_ips.txt,1000,Telenet BV
BE,6848,2a02:1800::/24,/home/ipv6/periphery/result/RIPE/BE/Tele_2/uniq_ips.txt,1000,Telenet BV
NL,60781,2001:1af8::/32,/home/ipv6/periphery/result/RIPE/NL/Leas/uniq_ips.txt,1000,LeaseWeb Netherlands B.V.
NL,31477,2a01:1b0::/32,/home/ipv6/periphery/result/RIPE/NL/Duo/uniq_ips.txt,1000,Duocast B.V.
FR,3215,2a01:cb1d::/32,/home/ipv6/periphery/result/RIPE/FR/Org_7/uniq_ips.txt,1000,Orange S.A.
FR,3215,2a01:cb11::/36,/home/ipv6/periphery/result/RIPE/FR/Org_3/uniq_ips.txt,1000,Orange S.A.
FR,3215,2a01:cb15::/32,/home/ipv6/periphery/result/RIPE/FR/Org_1/uniq_ips.txt,1000,Orange S.A.
FR,3215,2a01:cb1c::/30,/home/ipv6/periphery/result/RIPE/FR/Org_6/uniq_ips.txt,1000,Orange S.A.
FR,3215,2a01:cb14::/30,/home/ipv6/periphery/result/RIPE/FR/Org_0/uniq_ips.txt,1000,Orange S.A.
FR,3215,2a01:cb10::/30,/home/ipv6/periphery/result/RIPE/FR/Org_2/uniq_ips.txt,1000,Orange S.A.
FR,3215,2a01:cb20::/32,/home/ipv6/periphery/result/RIPE/FR/Org_8/uniq_ips.txt,1000,Orange S.A.
FR,3215,2a01:cb19::/32,/home/ipv6/periphery/result/RIPE/FR/Org_5/uniq_ips.txt,1000,Orange S.A.
FR,3215,2a01:cb18::/30,/home/ipv6/periphery/result/RIPE/FR/Org_4/uniq_ips.txt,1000,Orange S.A.
FR,3215,2a01:cb22::/36,/home/ipv6/periphery/result/RIPE/FR/Org_9/uniq_ips.txt,1000,Orange S.A.
EE,2586,2001:1530::/32,/home/ipv6/periphery/result/RIPE/EE/Eli/uniq_ips.txt,1000,Elisa Eesti AS
EE,3249,2001:7d0::/32,/home/ipv6/periphery/result/RIPE/EE/Tel/uniq_ips.txt,1000,Telia Eesti AS
SK,6855,2a00:12a8::/29,/home/ipv6/periphery/result/RIPE/SK/Slov/uniq_ips.txt,1000,"Slovak Telekom, a.s."
AL,35047,2a01:4f00::/32,/home/ipv6/periphery/result/RIPE/AL/Abs/uniq_ips.txt,1000,Abissnet sh.a.
RO,8953,2a02:a58::/32,/home/ipv6/periphery/result/RIPE/RO/Oran/uniq_ips.txt,1000,Orange Romania S.A.
RO,8708,2a02:2f00::/28,/home/ipv6/periphery/result/RIPE/RO/Digi/uniq_ips.txt,1000,DIGI ROMANIA S.A.
UK,56478,2a01:4b00::/32,/home/ipv6/periphery/result/RIPE/UK/Hype/uniq_ips.txt,1000,Hyperoptic Ltd
UK,2856,2a00:2380::/25,/home/ipv6/periphery/result/RIPE/UK/Brit_1/uniq_ips.txt,1000,Hyperoptic Ltd
UK,13037,2a02:8010::/29,/home/ipv6/periphery/result/RIPE/UK/Zen_2/uniq_ips.txt,1000,Zen Internet Ltd
UK,13037,2a02:8010::/29,/home/ipv6/periphery/result/RIPE/UK/Zen_0/uniq_ips.txt,1000,Zen Internet Ltd
UK,2856,2a00:2380::/25,/home/ipv6/periphery/result/RIPE/UK/Brit_0/uniq_ips.txt,1000,Hyperoptic Ltd
UK,13037,2a02:8010::/29,/home/ipv6/periphery/result/RIPE/UK/Zen_1/uniq_ips.txt,1000,Zen Internet Ltd
DK,31027,2a02:188::/29,/home/ipv6/periphery/result/RIPE/DK/GC/uniq_ips.txt,1000,GlobalConnect A/S
DK,3292,2001:6c8::/29,/home/ipv6/periphery/result/RIPE/DK/TDC/uniq_ips.txt,1000,TDC Holding A/S
BG,8866,2a01:5a8::/32,/home/ipv6/periphery/result/RIPE/BG/Viv/uniq_ips.txt,1000,Vivacom Bulgaria EAD
BG,8717,2a00:4800::/29,/home/ipv6/periphery/result/RIPE/BG/A1/uniq_ips.txt,1000,A1 Bulgaria EAD
CY,6866,2a00:1358::/29,/home/ipv6/periphery/result/RIPE/CY/TA/uniq_ips.txt,1000,Cyprus Telecommunications Authority
CY,35432,2a02:540::/32,/home/ipv6/periphery/result/RIPE/CY/CB/uniq_ips.txt,1000,Cablenet Communication Systems plc
BA,9146,2a02:27b0::/32,/home/ipv6/periphery/result/RIPE/BA/BHT/uniq_ips.txt,1000,BH Telecom d.d. Sarajevo
HR,5391,2000::/4,/home/ipv6/periphery/result/RIPE/HR/HrT_1/uniq_ips.txt,1000,Hrvatski Telekom d.d.
HR,5391,2a00:c30::/29,/home/ipv6/periphery/result/RIPE/HR/HrT_0/uniq_ips.txt,1000,Hrvatski Telekom d.d.
ES,57269,2a0c:5a80::/29,/home/ipv6/periphery/result/RIPE/ES/Digi/uniq_ips.txt,1000,DIGI SPAIN TELECOM S.L.
CH,3303,2a02:1210::/29,/home/ipv6/periphery/result/RIPE/CH/Swis_0/uniq_ips.txt,1000,Swisscom (Schweiz) AG
CH,3303,2a02:21b4::/31,/home/ipv6/periphery/result/RIPE/CH/Swis_3/uniq_ips.txt,1000,Swisscom (Schweiz) AG
CH,9044,2001:1680::/29,/home/ipv6/periphery/result/RIPE/CH/BSE/uniq_ips.txt,1000,BSE Software GmbH
CH,3303,2a02:1200::/27,/home/ipv6/periphery/result/RIPE/CH/Swis_1/uniq_ips.txt,1000,Swisscom (Schweiz) AG
CH,3303,2a02:1200::/27,/home/ipv6/periphery/result/RIPE/CH/Swis_2/uniq_ips.txt,1000,Swisscom (Schweiz) AG
CH,6730,2001:1700::/27,/home/ipv6/periphery/result/RIPE/CH/Sunr/uniq_ips.txt,1000,Sunrise GmbH
PT,12353,2001:818:c000::/34,/home/ipv6/periphery/result/RIPE/PT/Voda/uniq_ips.txt,1000,Vodafone Portugal - Communicacoes Pessoais S.A.
PT,15525,2a02:818::/32,/home/ipv6/periphery/result/RIPE/PT/MEO_2/uniq_ips.txt,1000,MEO - SERVICOS DE COMUNICACOES E MULTIMEDIA S.A.
PT,3243,2001:8a0::/32,/home/ipv6/periphery/result/RIPE/PT/MEO_1/uniq_ips.txt,1000,MEO - SERVICOS DE COMUNICACOES E MULTIMEDIA S.A.
PT,8657,2001:15d8::/32,/home/ipv6/periphery/result/RIPE/PT/MEO_0/uniq_ips.txt,1000,MEO - SERVICOS DE COMUNICACOES E MULTIMEDIA S.A.
PT,2860,2a01:10::/29,/home/ipv6/periphery/result/RIPE/PT/NOS/uniq_ips.txt,1000,NOS COMUNICACOES, S.A.
LT,56630,2a06:f900::/29,/home/ipv6/periphery/result/RIPE/LT/Melb_1/uniq_ips.txt,1000,Melbikomas UAB
LT,56630,2a06:f900::/29,/home/ipv6/periphery/result/RIPE/LT/Melb_0/uniq_ips.txt,1000,Melbikomas UAB
LT,56630,2a06:f900::/29,/home/ipv6/periphery/result/RIPE/LT/Melb_2/uniq_ips.txt,1000,Melbikomas UAB
AT,8447,2001:850::/29,/home/ipv6/periphery/result/RIPE/AT/A1_0/uniq_ips.txt,1000,A1 Telekom Austria AG
AT,8447,2001:870::/29,/home/ipv6/periphery/result/RIPE/AT/A1_1/uniq_ips.txt,1000,A1 Telekom Austria AG
AT,1764,2a01:190::/29,/home/ipv6/periphery/result/RIPE/AT/NxL/uniq_ips.txt,1000,Next Layer Telekommunikationsdienstleistungs- und Beratungs GmbH
CZ,16019,2a00:11b0::/29,/home/ipv6/periphery/result/RIPE/CZ/Voda_0/uniq_ips.txt,1000,Vodafone Czech Republic a.s.
CZ,16019,2a00:11b0::/29,/home/ipv6/periphery/result/RIPE/CZ/Voda_4/uniq_ips.txt,1000,Vodafone Czech Republic a.s.
CZ,16019,2a00:11b0::/29,/home/ipv6/periphery/result/RIPE/CZ/Voda_7/uniq_ips.txt,1000,Vodafone Czech Republic a.s.
CZ,16019,2a00:11b0::/29,/home/ipv6/periphery/result/RIPE/CZ/Voda_3/uniq_ips.txt,1000,Vodafone Czech Republic a.s.
CZ,5610,2a00:1028::/29,/home/ipv6/periphery/result/RIPE/CZ/O2_0/uniq_ips.txt,1000,O2 Czech Republic, a.s.
CZ,16019,2a00:11b0::/29,/home/ipv6/periphery/result/RIPE/CZ/Voda_5/uniq_ips.txt,1000,Vodafone Czech Republic a.s.
CZ,16019,2a00:11b0::/29,/home/ipv6/periphery/result/RIPE/CZ/Voda_2/uniq_ips.txt,1000,Vodafone Czech Republic a.s.
CZ,5610,2a00:1028::/29,/home/ipv6/periphery/result/RIPE/CZ/O2_1/uniq_ips.txt,1000,O2 Czech Republic, a.s.
CZ,16019,2a00:11b0::/29,/home/ipv6/periphery/result/RIPE/CZ/Voda_1/uniq_ips.txt,1000,Vodafone Czech Republic a.s.
CZ,16019,2a00:11b0::/29,/home/ipv6/periphery/result/RIPE/CZ/Voda_6/uniq_ips.txt,1000,Vodafone Czech Republic a.s.
IN,55836,2405:204::/31,/home/ipv6/periphery/result/Original/IN/RJ/uniq_ips.txt,1000,Reliance Jio Infocomm Limited
IN,55644,2402:3a80::/32,/home/ipv6/periphery/result/Original/IN/V/uniq_ips.txt,1000,Vodafone Idea Ltd
IN,9829,2001:4490::/30,/home/ipv6/periphery/result/Original/IN/BSNL/uniq_ips.txt,1000,Bharat Sanchar Nigam Limited
IN,23870,2401:4900::/32,/home/ipv6/periphery/result/Original/IN/BA/uniq_ips.txt,1000,Bharti Airtel Limited
US,7018,2602:300::/24,/home/ipv6/periphery/result/Original/US/AT_B/uniq_ips.txt,1000,AT&T Services, Inc.
US,209,2602::/24,/home/ipv6/periphery/result/Original/US/Cent/uniq_ips.txt,1000,CenturyLink Communications, LLC	
US,7018,2600:382::/33,/home/ipv6/periphery/result/Original/US/AT_M/uniq_ips.txt,1000,AT&T Services, Inc.
US,30036,2604:2d80::/28,/home/ipv6/periphery/result/Original/US/Med/uniq_ips.txt,1000,Mediacom Communications Corp
US,20115,2600:6c00::/24,/home/ipv6/periphery/result/Original/US/Char/uniq_ips.txt,1000,Charter Communications LLC
US,7922,2001:558::/29,/home/ipv6/periphery/result/Original/US/Com/uniq_ips.txt,1000,Comcast Cable Communications, LLC
CN,9808,2409:8000::/20,/home/ipv6/periphery/result/Original/CN/Mob_M/uniq_ips.txt,1000,China Mobile
CN,4134,240e::/20,/home/ipv6/periphery/result/Original/CN/Tele/uniq_ips.txt,1000,China Telecom Backbone
CN,9808,2409:8000::/20,/home/ipv6/periphery/result/Original/CN/Mob_B/uniq_ips.txt,1000,China Mobile
CN,17816,2408:8459::/32,/home/ipv6/periphery/result/Original/CN/Uni_M/uniq_ips.txt,1000,China Unicom IP network China169 Guangdong province
CN,9808,2409:8000::/20,/home/ipv6/periphery/result/Original/CN/Mob_A/uniq_ips.txt,1000,China Mobile
NG,29465,2c0f:f5c0:700::/44,/home/ipv6/periphery/result/AFRINIC/NG/mtn/uniq_ips.txt,1000,MTN NIGERIA Communication limited
RW,37006,2c0f:fe30::/32,/home/ipv6/periphery/result/AFRINIC/RW/LQT/uniq_ips.txt,1000,Liquid Telecommunication Rwanda Limited
TZ,36965,2001:43a0::/32,/home/ipv6/periphery/result/AFRINIC/TZ/WIA/uniq_ips.txt,1000,WIA Tanzania
CI,29571,2001:42d8::/32,/home/ipv6/periphery/result/AFRINIC/CI/ORI/uniq_ips.txt,1000,Orange Cte d'Ivoire
ZW,37332,2c0f:f8f0::/32,/home/ipv6/periphery/result/AFRINIC/ZW/ZOL/uniq_ips.txt,1000,Zimbabwe Online
KE,33771,2c0f:fe38::/32,/home/ipv6/periphery/result/AFRINIC/KE/SFC/uniq_ips.txt,1000,Safaricom Limited
TN,37705,2c0f:4280::/32,/home/ipv6/periphery/result/AFRINIC/TN/TPN/uniq_ips.txt,1000,TOPNET
TN,327934,2c0f:f3a0::/32,/home/ipv6/periphery/result/AFRINIC/TN/TT/uniq_ips.txt,1000,SOCIETE NATIONALE DES TELECOMMUNICATIONS (Tunisie Telecom)
EG,36992,2c0f:fc88::/31,/home/ipv6/periphery/result/AFRINIC/EG/ETM/uniq_ips.txt,1000,ETISALAT MISR
ZA,328137,2c0f:f030::/32,/home/ipv6/periphery/result/AFRINIC/ZA/WSC/uniq_ips.txt,1000,Web Squad Connect (Pty) Ltd
UG,327687,2c0f:f6d0::/32,/home/ipv6/periphery/result/AFRINIC/UG/REN/uniq_ips.txt,1000,Research and Education Network for Uganda
MX,28398,2806:206::/32,/home/ipv6/periphery/result/LACNIC/MX/INT/uniq_ips.txt,1000,INTERNET TELEFONIA Y TV DE MICHOACAN SA DE CV
MX,8151,2806:1070::/32,/home/ipv6/periphery/result/LACNIC/MX/Telm/uniq_ips.txt,1000,UNINET
MX,13999,2806:260::/29,/home/ipv6/periphery/result/LACNIC/MX/mega_0/uniq_ips.txt,1000,Mega Cable
MX,13999,2806:260::/29,/home/ipv6/periphery/result/LACNIC/MX/mega_1/uniq_ips.txt,1000,Mega Cable
MX,17072,2806:2f0::/32,/home/ipv6/periphery/result/LACNIC/MX/tota/uniq_ips.txt,1000,TOTAL PLAY TELECOMUNICACIONES SA DE CV
MX,6503,2001:1248::/32,/home/ipv6/periphery/result/LACNIC/MX/ales/uniq_ips.txt,1000,MX-ALES-LACNIC
MX,28458,2806:202::/32,/home/ipv6/periphery/result/LACNIC/MX/IEN/uniq_ips.txt,1000,IENTC S DE RL DE CV
DO,265695,2803:9c0::/32,/home/ipv6/periphery/result/LACNIC/DO/elia/uniq_ips.txt,1000,ELIAS COMUNICACIONES, SRL
DO,46198,2803:9c60::/32,/home/ipv6/periphery/result/LACNIC/DO/tril/uniq_ips.txt,1000,"Trilogy Dominicana, S.A."
DO,6400,2001:1308::/32,/home/ipv6/periphery/result/LACNIC/DO/code/uniq_ips.txt,1000,Compañía Dominicana de Teléfonos S. A.
CL,22047,2800:150::/32,/home/ipv6/periphery/result/LACNIC/CL/vtr/uniq_ips.txt,1000,VTR BANDA ANCHA S.A.
CL,52341,2803:c180::/32,/home/ipv6/periphery/result/LACNIC/CL/wom/uniq_ips.txt,1000,WOM S.A.
CL,27901,2803:c600::/32,/home/ipv6/periphery/result/LACNIC/CL/paci/uniq_ips.txt,1000,CL-PCSA11-LACNIC
CO,14080,2800:480::/29,/home/ipv6/periphery/result/LACNIC/CO/telm/uniq_ips.txt,1000,Telmex Colombia S.A.
CO,27831,2803:1800::/33,/home/ipv6/periphery/result/LACNIC/CO/movil/uniq_ips.txt,1000,Colombia Móvil
CO,13489,2800:e0::/28,/home/ipv6/periphery/result/LACNIC/CO/une_0/uniq_ips.txt,1000,UNE EPM TELECOMUNICACIONES S.A.
CO,13489,2800:e0::/28,/home/ipv6/periphery/result/LACNIC/CO/une_1/uniq_ips.txt,1000,UNE EPM TELECOMUNICACIONES S.A.
VE,61461,2803:d700::/32,/home/ipv6/periphery/result/LACNIC/VE/airt/uniq_ips.txt,1000,Airtek Solutions C.A.
AR,16814,2800:40::/32,/home/ipv6/periphery/result/LACNIC/AR/nss/uniq_ips.txt,1000,NSS S.A.
AR,22927,2800:380::/32,/home/ipv6/periphery/result/LACNIC/AR/telef_0/uniq_ips.txt,1000,Telefonica de Argentina
AR,11664,2800:190::/32,/home/ipv6/periphery/result/LACNIC/AR/tech/uniq_ips.txt,1000,Techtel LMDS Comunicaciones Interactivas S.A.
AR,22927,2800:380::/32,/home/ipv6/periphery/result/LACNIC/AR/telef_1/uniq_ips.txt,1000,Telefonica de Argentina
AR,7303,2800:0000::/20,/home/ipv6/periphery/result/LACNIC/AR/tele_1/uniq_ips.txt,1000,Telecom Argentina S.A.
AR,7303,2800:0000::/20,/home/ipv6/periphery/result/LACNIC/AR/tele_0/uniq_ips.txt,1000,Telecom Argentina S.A.
BR,4230,2804:a8::/32,/home/ipv6/periphery/result/LACNIC/BR/claro_0/uniq_ips.txt,1000,CLARO S.A.
BR,4230,2804:1388::/30,/home/ipv6/periphery/result/LACNIC/BR/claro_3/uniq_ips.txt,1000,CLARO S.A.
BR,7738,2804:d40::/28,/home/ipv6/periphery/result/LACNIC/BR/vtal_3/uniq_ips.txt,1000,V tal
BR,61951,2804:18c0:4000::/34,/home/ipv6/periphery/result/LACNIC/BR/bras_1/uniq_ips.txt,1000,BRASIL-IP TELECOMUNICACOES LTDA - ME
BR,8167,2804:d50::/28,/home/ipv6/periphery/result/LACNIC/BR/vtal_0/uniq_ips.txt,1000,V tal
BR,272264,2804:8480::/32,/home/ipv6/periphery/result/LACNIC/BR/telef/uniq_ips.txt,1000,TELEFÔNICA BRASIL S.A
BR,4230,2804:1388::/30,/home/ipv6/periphery/result/LACNIC/BR/claro_4/uniq_ips.txt,1000,CLARO S.A.
BR,8167,2804:d50::/28,/home/ipv6/periphery/result/LACNIC/BR/vtal_1/uniq_ips.txt,1000,V tal
BR,26615,2804:214::/32,/home/ipv6/periphery/result/LACNIC/BR/tim/uniq_ips.txt,1000,TIM S/A
BR,8167,2804:d50::/28,/home/ipv6/periphery/result/LACNIC/BR/vtal_4/uniq_ips.txt,1000,V tal
BR,4230,2804:1388::/30,/home/ipv6/periphery/result/LACNIC/BR/claro_1/uniq_ips.txt,1000,CLARO S.A.
BR,4230,2804:1388::/30,/home/ipv6/periphery/result/LACNIC/BR/claro_2/uniq_ips.txt,1000,CLARO S.A.
BR,61951,2804:18c0::/34,/home/ipv6/periphery/result/LACNIC/BR/bras_0/uniq_ips.txt,1000,	BRASIL-IP TELECOMUNICACOES LTDA - ME
BR,8167,2804:d50::/28,/home/ipv6/periphery/result/LACNIC/BR/vtal_2/uniq_ips.txt,1000,V tal
BR,8167,2804:d50::/28,/home/ipv6/periphery/result/LACNIC/BR/vtal_5/uniq_ips.txt,1000,V tal
PE,6147,2001:1388::/33,/home/ipv6/periphery/result/LACNIC/PE/telef/uniq_ips.txt,1000,Telefonica del Peru S.A.A.
PE,12252,2800:4b0::/32,/home/ipv6/periphery/result/LACNIC/PE/amovil/uniq_ips.txt,1000,America Movil Peru S.A.C.
HK,9381,2407:8000::/32,/home/ipv6/periphery/result/APNIC/HK/HKBN/uniq_ips.txt,1000,HKBN Enterprise Solutions HK Limited
HK,3491,2400:8800::/32,/home/ipv6/periphery/result/APNIC/HK/PCCW/uniq_ips.txt,1000,PCCW Global
MY,4818,2001:4458::/32,/home/ipv6/periphery/result/APNIC/MY/DiGi_0/uniq_ips.txt,1000,DiGi Telecommunications Sdn Bhd., Digi Internet Exchange
MY,4788,2001:e68::/32,/home/ipv6/periphery/result/APNIC/MY/TelM/uniq_ips.txt,1000,TM TECHNOLOGY SERVICES SDN BHD
MY,4818,2402:1980::/32,/home/ipv6/periphery/result/APNIC/MY/DiGi_1/uniq_ips.txt,1000,"DiGi Telecommunications Sdn Bhd., Digi Internet Exchange"
JP,4713,2400:7800::/32,/home/ipv6/periphery/result/APNIC/JP/NTT_0/uniq_ips.txt,1000,NTT Communications Corporation
JP,4713,2400:7800::/32,/home/ipv6/periphery/result/APNIC/JP/NTT_1/uniq_ips.txt,1000,NTT Communications Corporation
JP,4685,2405:6580::/29,/home/ipv6/periphery/result/APNIC/JP/AN/uniq_ips.txt,1000,Asahi Net, Inc.
JP,2518,2404:7a80::/29,/home/ipv6/periphery/result/APNIC/JP/BL/uniq_ips.txt,1000,BIGLOBE Inc.
JP,2516,2001:268::/32,/home/ipv6/periphery/result/APNIC/JP/KDDI/uniq_ips.txt,1000,KDDI CORPORATION
JP,4725,2001:278::/32,/home/ipv6/periphery/result/APNIC/JP/SoB/uniq_ips.txt,1000,SoftBank Corp.
TH,4651,2001:c38::/32,/home/ipv6/periphery/result/APNIC/TH/CAT/uniq_ips.txt,1000,CAT Telecom Public Company Limited
TH,9587,2404:8d02::/32,/home/ipv6/periphery/result/APNIC/TH/Dtac/uniq_ips.txt,1000,DTAC NETWORK
TH,7470,2001:fb0::/31,/home/ipv6/periphery/result/APNIC/TH/TC/uniq_ips.txt,1000,TRUE INTERNET CORPORATION CO. LTD.
NZ,9790,2402:6000::/32,/home/ipv6/periphery/result/APNIC/NZ/2dgr_0/uniq_ips.txt,1000,Two Degrees Mobile Limited
NZ,9790,2404:4400::/28,/home/ipv6/periphery/result/APNIC/NZ/2dgr_1/uniq_ips.txt,1000,Two Degrees Mobile Limited
NZ,9500,2407:7000::/32,/home/ipv6/periphery/result/APNIC/NZ/ONZ/uniq_ips.txt,1000,One New Zealand Group Limited
AU,1221,2001:8000::/20,/home/ipv6/periphery/result/APNIC/AU/Tels_1/uniq_ips.txt,1000,Telstra Limited
AU,1221,2001:8000::/20,/home/ipv6/periphery/result/APNIC/AU/Tels_0/uniq_ips.txt,1000,Telstra Limited
AU,7474,2405:9000::/32,/home/ipv6/periphery/result/APNIC/AU/Optus/uniq_ips.txt,1000,SingTel Optus Pty Ltd
MO,4609,2001:f90::/32,/home/ipv6/periphery/result/APNIC/MO/CTM/uniq_ips.txt,1000,Companhia de Telecomunicacoes de Macau
PK,58470,2404:3100::/32,/home/ipv6/periphery/result/APNIC/PK/Mobl/uniq_ips.txt,1000,Mobilink, a subsidiary of the Orascom Telecom Holding,
PK,23674,2407:d000::/32,/home/ipv6/periphery/result/APNIC/PK/Nay/uniq_ips.txt,1000,Nayatel (Pvt) Ltd
ID,23693,2000::/5,/home/ipv6/periphery/result/APNIC/ID/Telk/uniq_ips.txt,1000,PT. Telekomunikasi Selular
ID,17451,2404:8000::/32,/home/ipv6/periphery/result/APNIC/ID/BN/uniq_ips.txt,1000,BIZNET NETWORKS
ID,24203,2400:9800::/32,/home/ipv6/periphery/result/APNIC/ID/XLA/uniq_ips.txt,1000,PT XL Axiata
VN,45899,2001:ee0::/32,/home/ipv6/periphery/result/APNIC/VN/VNPT/uniq_ips.txt,1000,VNPT Corp
VN,7552,2401:d800::/32,/home/ipv6/periphery/result/APNIC/VN/Vie/uniq_ips.txt,1000,Viettel Group
VN,18403,2405:4800::/30,/home/ipv6/periphery/result/APNIC/VN/FPT/uniq_ips.txt,1000,FPT Telecom Company
BH,8781,2001:1a10::/32,/home/ipv6/periphery/result/APNIC/BH/Oore_0/uniq_ips.txt,1000,Ooredoo Q.S.C.
BH,8781,2001:1a10::/32,/home/ipv6/periphery/result/APNIC/BH/Oore_1/uniq_ips.txt,1000,Ooredoo Q.S.C.
SG,4657,2406:3000::/30,/home/ipv6/periphery/result/APNIC/SG/StHub/uniq_ips.txt,1000,Starhub Ltd.
SG,3758,2001:c20::/32,/home/ipv6/periphery/result/APNIC/SG/SiNet/uniq_ips.txt,1000,SingNet Pte Ltd
PH,4775,2001:fd8::/32,/home/ipv6/periphery/result/APNIC/PH/GlbT/uniq_ips.txt,1000,"Globe Telecom (GMCR,INC)"
PH,9299,2001:4450::/29,/home/ipv6/periphery/result/APNIC/PH/PLDT/uniq_ips.txt,1000,Philippine Long Distance Telephone Co.
TW,17651,2405:7e00::/32,/home/ipv6/periphery/result/APNIC/TW/AN/uniq_ips.txt,1000,AboveNet Communications Taiwan Co., Ltd
TW,9674,2401:e180::/32,/home/ipv6/periphery/result/APNIC/TW/FE/uniq_ips.txt,1000,Far EastTone Telecommunication Co., Ltd.
TW,38841,2407:4d00::/32,/home/ipv6/periphery/result/APNIC/TW/kbro/uniq_ips.txt,1000,kbro CO. Ltd.
TW,1659,2001:288::/32,/home/ipv6/periphery/result/APNIC/TW/TAN/uniq_ips.txt,1000,Taiwan Academic Network (TANet) Information Center
KR,3559,2001:e60::/32,/home/ipv6/periphery/result/APNIC/KR/KT/uniq_ips.txt,1000,Korea Telecom
KR,3786,2406:5900::/32,/home/ipv6/periphery/result/APNIC/KR/LG/uniq_ips.txt,1000,LG DACOM Corporation

